Datetime,Water Level (m)
2026-02-16 06:00:00,0.29577154
2026-02-16 07:00:00,0.1251138
2026-02-16 08:00:00,-0.21409212
2026-02-16 09:00:00,-0.49337456
2026-02-16 10:00:00,-0.69385666
2026-02-16 11:00:00,-0.8610909
2026-02-16 12:00:00,-0.9854474
2026-02-16 13:00:00,-1.0397186
2026-02-16 14:00:00,-0.68917984
2026-02-16 15:00:00,-0.17998156
2026-02-16 16:00:00,0.22652239
2026-02-16 17:00:00,0.5123775
2026-02-16 18:00:00,0.6340689
2026-02-16 19:00:00,0.50995183
2026-02-16 20:00:00,0.16083963
2026-02-16 21:00:00,-0.19169694
2026-02-16 22:00:00,-0.4436627
2026-02-16 23:00:00,-0.6453492
2026-02-17 00:00:00,-0.8138614
2026-02-17 01:00:00,-0.9475547
2026-02-17 02:00:00,-1.0004644
2026-02-17 03:00:00,-0.58862865
2026-02-17 04:00:00,-0.12802355
2026-02-17 05:00:00,0.18498595
2026-02-17 06:00:00,0.36466676
2026-02-17 07:00:00,0.34512416
2026-02-17 08:00:00,0.0633133
2026-02-17 09:00:00,-0.3000836
2026-02-17 10:00:00,-0.5553662
2026-02-17 11:00:00,-0.744013
2026-02-17 12:00:00,-0.9046084
2026-02-17 13:00:00,-1.015265
2026-02-17 14:00:00,-0.99705553
2026-02-17 15:00:00,-0.45150796
2026-02-17 16:00:00,0.03164623
2026-02-17 17:00:00,0.4153887
2026-02-17 18:00:00,0.6725484
2026-02-17 19:00:00,0.717153
2026-02-17 20:00:00,0.47237214
2026-02-17 21:00:00,0.060299776
2026-02-17 22:00:00,-0.2597516
2026-02-17 23:00:00,-0.49585664
2026-02-18 00:00:00,-0.69339526
2026-02-18 01:00:00,-0.85624975
2026-02-18 02:00:00,-0.96796745
2026-02-18 03:00:00,-0.84429604
2026-02-18 04:00:00,-0.25466853
2026-02-18 05:00:00,0.15850815
2026-02-18 06:00:00,0.43609634
2026-02-18 07:00:00,0.5453299
2026-02-18 08:00:00,0.3844434
2026-02-18 09:00:00,-0.0066166287
2026-02-18 10:00:00,-0.32731062
2026-02-18 11:00:00,-0.5620426
2026-02-18 12:00:00,-0.7474603
2026-02-18 13:00:00,-0.90214187
2026-02-18 14:00:00,-1.0028975
2026-02-18 15:00:00,-0.7997575
2026-02-18 16:00:00,-0.18419251
2026-02-18 17:00:00,0.28023374
2026-02-18 18:00:00,0.6328604
2026-02-18 19:00:00,0.8061738
2026-02-18 20:00:00,0.69006056
2026-02-18 21:00:00,0.29827204
2026-02-18 22:00:00,-0.092086814
2026-02-18 23:00:00,-0.3672561
2026-02-19 00:00:00,-0.5827427
2026-02-19 01:00:00,-0.7649553
2026-02-19 02:00:00,-0.91243666
2026-02-19 03:00:00,-0.9725338
2026-02-19 04:00:00,-0.5301273
2026-02-19 05:00:00,-0.008259493
2026-02-19 06:00:00,0.36526954
2026-02-19 07:00:00,0.59561414
2026-02-19 08:00:00,0.59632766
2026-02-19 09:00:00,0.28936687
2026-02-19 10:00:00,-0.11469254
2026-02-19 11:00:00,-0.4011935
2026-02-19 12:00:00,-0.60982233
2026-02-19 13:00:00,-0.789844
2026-02-19 14:00:00,-0.92687315
2026-02-19 15:00:00,-0.9799389
2026-02-19 16:00:00,-0.49571437
2026-02-19 17:00:00,0.03004
2026-02-19 18:00:00,0.43988514
2026-02-19 19:00:00,0.72096
2026-02-19 20:00:00,0.77164847
2026-02-19 21:00:00,0.5042962
2026-02-19 22:00:00,0.06932693
2026-02-19 23:00:00,-0.2543025
2026-02-20 00:00:00,-0.49335647
2026-02-20 01:00:00,-0.6976129
2026-02-20 02:00:00,-0.8667501
2026-02-20 03:00:00,-0.98860747
2026-02-20 04:00:00,-0.9020365
2026-02-20 05:00:00,-0.28486553
2026-02-20 06:00:00,0.16794668
2026-02-20 07:00:00,0.50176644
2026-02-20 08:00:00,0.65691495
2026-02-20 09:00:00,0.52791125
2026-02-20 10:00:00,0.13376993
2026-02-20 11:00:00,-0.22193152
2026-02-20 12:00:00,-0.47086722
2026-02-20 13:00:00,-0.6661548
2026-02-20 14:00:00,-0.8344312
2026-02-20 15:00:00,-0.95096946
2026-02-20 16:00:00,-0.86387765
2026-02-20 17:00:00,-0.25848094
2026-02-20 18:00:00,0.20699579
2026-02-20 19:00:00,0.54914963
2026-02-20 20:00:00,0.72395253
2026-02-20 21:00:00,0.62225765
2026-02-20 22:00:00,0.23606871
2026-02-20 23:00:00,-0.1527828
2026-02-21 00:00:00,-0.4256325
2026-02-21 01:00:00,-0.63196075
2026-02-21 02:00:00,-0.8123237
2026-02-21 03:00:00,-0.9518043
2026-02-21 04:00:00,-1.0174401
2026-02-21 05:00:00,-0.5937515
2026-02-21 06:00:00,-0.073761486
2026-02-21 07:00:00,0.3164009
2026-02-21 08:00:00,0.59008723
2026-02-21 09:00:00,0.6494635
2026-02-21 10:00:00,0.42160857
2026-02-21 11:00:00,0.027226454
2026-02-21 12:00:00,-0.27569762
2026-02-21 13:00:00,-0.49489686
2026-02-21 14:00:00,-0.68040067
2026-02-21 15:00:00,-0.82815504
2026-02-21 16:00:00,-0.89968014
2026-02-21 17:00:00,-0.5219007
2026-02-21 18:00:00,-0.014414345
2026-02-21 19:00:00,0.34681466
2026-02-21 20:00:00,0.59856623
2026-02-21 21:00:00,0.65602803
2026-02-21 22:00:00,0.41712183
2026-02-21 23:00:00,0.0049007586
2026-02-22 00:00:00,-0.31404966
2026-02-22 01:00:00,-0.5462543
2026-02-22 02:00:00,-0.7342071
2026-02-22 03:00:00,-0.8872417
2026-02-22 04:00:00,-0.99184525
2026-02-22 05:00:00,-0.88978606
2026-02-22 06:00:00,-0.33165896
